Date,Conversion_Rate,Transaction_Volume,Net_Funding_Million_TRY,TRY_Interest_Rate_6Month,USD_Interest_Rate_6Month,CPI_Index,Inflation_Expectation_12M,Repo_1Day_Weighted_Average_Rate
2023-05-31,20.3104,10750017.12,671733.5,25.92,2.31,1300.6,68.78,10.0
2023-06-01,20.6632,17805600.0,678713.1,25.92,2.31,1351.59,72.65,10.13
2023-06-02,20.7529,24300600.0,688747.9,26.93,2.59,1351.59,72.65,10.13
2023-06-05,20.8447,25501000.0,652617.75,26.93,2.59,1351.59,72.65,10.13
2023-06-06,21.1465,25501000.0,654560.2,26.93,2.59,1351.59,72.65,10.13
2023-06-07,21.4565,21700481.0,629797.8,26.93,2.59,1351.59,72.65,10.13
2023-06-08,23.021,26811705.75,562016.7,26.93,2.59,1351.59,72.65,10.13
2023-06-09,23.3212,59143400.0,596727.9,29.37,2.67,1351.59,72.65,10.13
2023-06-12,23.4314,30431806.11,581339.6,29.37,2.67,1351.59,72.65,10.13
2023-06-13,23.6117,54843552.25,505754.62,29.37,2.67,1351.59,72.65,10.13
2023-06-14,23.6387,54843552.25,469941.83,29.37,2.67,1351.59,72.65,10.13
2023-06-15,23.5989,34947500.0,455351.93,29.37,2.67,1351.59,72.65,10.13
2023-06-16,23.6389,43234501.25,379912.81,30.32,2.64,1351.59,72.65,10.13
2023-06-19,23.6388,127730532.4,312287.42,30.32,2.64,1351.59,72.65,10.13
2023-06-20,23.6371,237295873.25,293684.88,30.32,2.64,1351.59,72.65,10.13
2023-06-21,23.577,320087311.4,294860.78,30.32,2.64,1351.59,72.65,10.13
2023-06-22,23.5493,393246700.0,264813.98,30.32,2.64,1351.59,72.65,10.13
2023-06-23,23.6239,454915407.5,267620.37,32.9,1.62,1351.59,72.65,10.13
2023-06-26,25.2505,249820000.0,221583.1,32.9,1.62,1351.59,72.65,10.13
2023-06-27,25.8231,111543129.0,230019.6,32.9,1.62,1351.59,72.65,10.13
2023-07-03,25.8231,26460250.0,233435.26,30.11,2.84,1479.84,74.53,16.5
2023-07-04,26.0312,1257668.85,153883.32,30.11,2.84,1479.84,74.53,16.5
2023-07-05,26.0035,105481392.69,116586.6,30.11,2.84,1479.84,74.53,16.5
2023-07-06,26.0474,20968500.0,131528.35,30.11,2.84,1479.84,74.53,16.5
2023-07-07,26.0452,10234792.0,164698.33,30.84,2.75,1479.84,74.53,16.5
2023-07-10,26.0381,1497750.0,170576.03,30.84,2.75,1479.84,74.53,16.5
2023-07-11,26.0564,61509849.88,167637.9,30.84,2.75,1479.84,74.53,16.5
2023-07-12,26.0721,12548798.25,105976.06,30.84,2.75,1479.84,74.53,16.5
2023-07-13,26.1099,4992500.0,59859.94,30.84,2.75,1479.84,74.53,16.5
2023-07-14,26.1195,4992500.0,-43155.94,27.83,2.69,1479.84,74.53,16.5
2023-07-17,26.1446,62087907.0,-122546.3,27.83,2.69,1479.84,74.53,16.5
2023-07-18,26.2388,11717450.0,-176513.83,27.83,2.69,1479.84,74.53,16.5
2023-07-19,26.8232,11717276.41,-197109.6,27.83,2.69,1479.84,74.53,16.5
2023-07-20,26.8963,1997000.0,-165061.5,27.83,2.69,1479.84,74.53,16.5
2023-07-21,26.8878,21136960.0,-150331.0,26.04,2.73,1479.84,74.53,16.5
2023-07-24,26.8944,21136960.0,-146920.4,26.04,2.73,1479.84,74.53,16.5
2023-07-25,26.9212,42989535.0,-170924.3,26.04,2.73,1479.84,74.53,16.5
2023-07-26,26.9263,41763566.5,-121502.9,26.04,2.73,1479.84,74.53,16.5
2023-07-27,26.9283,41763566.5,-133317.9,26.04,2.73,1479.84,74.53,16.5
2023-07-28,26.9308,42137879.5,-99014.6,25.22,2.87,1479.84,74.53,16.5
2023-07-31,26.9394,42137879.5,-46559.3,25.22,2.87,1479.84,74.53,16.5
2023-08-01,26.9323,54598170.5,-127285.9,25.22,2.87,1614.31,88.27,19.0
2023-08-02,26.9329,54598170.5,-216212.6,25.22,2.87,1614.31,88.27,19.0
2023-08-03,26.9382,16393620.0,-259120.3,25.22,2.87,1614.31,88.27,19.0
2023-08-04,26.9498,16393620.0,186128.8,24.24,2.79,1614.31,88.27,19.0
2023-08-07,26.9545,1724388.8,187711.5,24.24,2.79,1614.31,88.27,19.0
2023-08-08,26.9651,1724388.8,153446.4,24.24,2.79,1614.31,88.27,19.0
2023-08-09,26.982,59141330.0,202054.49,24.24,2.79,1614.31,88.27,19.0
2023-08-10,26.9892,10284550.0,132527.0,24.24,2.79,1614.31,88.27,19.0
2023-08-11,26.9978,9985000.0,20317.0,24.81,2.81,1614.31,88.27,19.0
2023-08-14,27.0059,663305.6,14562.0,24.81,2.81,1614.31,88.27,19.0
2023-08-15,27.017,42496112.5,14846.94,24.81,2.81,1614.31,88.27,19.0
2023-08-16,27.022,39564745.0,1494.8,24.81,2.81,1614.31,88.27,19.0
2023-08-17,27.0254,39564745.0,531.4,24.81,2.81,1614.31,88.27,19.0
2023-08-18,27.0681,39564745.0,38349.1,24.85,2.82,1614.31,88.27,19.0
2023-08-21,27.0606,39564745.0,79564.7,24.85,2.82,1614.31,88.27,19.0
2023-08-22,27.1275,87492284.5,184740.72,24.85,2.82,1614.31,88.27,19.0
2023-08-23,27.1676,199700.0,179909.07,24.85,2.82,1614.31,88.27,19.0
2023-08-24,27.1737,9299656.0,195586.52,24.85,2.82,1614.31,88.27,19.0
2023-08-25,27.0937,998500.0,29499.0,26.01,2.78,1614.31,88.27,19.0
2023-08-28,26.406,998500.0,2624.6,26.01,2.78,1614.31,88.27,19.0
2023-08-29,26.5271,182262995.24,-24630.1,26.01,2.78,1614.31,88.27,19.0
2023-08-31,26.5763,182262995.24,-67056.4,26.01,2.78,1614.31,88.27,19.0
2023-09-01,26.6658,599100.0,67835.5,30.27,2.57,1691.04,80.94,26.5
2023-09-04,26.6783,1497750.0,75070.5,30.27,2.57,1691.04,80.94,26.5
2023-09-05,26.735,1497750.0,85049.4,30.27,2.57,1691.04,80.94,26.5
2023-09-06,26.7605,65985828.37,73964.55,30.27,2.57,1691.04,80.94,26.5
2023-09-07,26.7701,65985828.37,75337.48,30.27,2.57,1691.04,80.94,26.5
2023-09-08,26.8048,65985828.37,68990.54,31.59,2.57,1691.04,80.94,26.5
2023-09-11,26.8087,65985828.37,52944.7,31.59,2.57,1691.04,80.94,26.5
2023-09-12,26.8414,70810977.75,60271.1,31.59,2.57,1691.04,80.94,26.5
2023-09-13,26.8582,319520.0,27985.78,31.59,2.57,1691.04,80.94,26.5
2023-09-14,26.9024,9985000.0,22717.9,31.59,2.57,1691.04,80.94,26.5
2023-09-15,26.9069,206653.3,289126.49,33.51,2.43,1691.04,80.94,26.5
2023-09-18,26.93,61241003.76,299633.2,33.51,2.43,1691.04,80.94,26.5
2023-09-19,26.9814,9985000.0,310054.61,33.51,2.43,1691.04,80.94,26.5
2023-09-20,26.9938,9985000.0,278657.3,33.51,2.43,1691.04,80.94,26.5
2023-09-21,26.991,34277262.5,308259.4,33.51,2.43,1691.04,80.94,26.5
2023-09-22,27.002,19870150.0,-199555.2,34.57,2.56,1691.04,80.94,26.5
2023-09-25,27.1039,34947500.0,-338788.3,34.57,2.56,1691.04,80.94,26.5
2023-09-26,27.1751,34947500.0,-336118.5,34.57,2.56,1691.04,80.94,26.5
2023-09-27,27.2108,45201910.68,-297472.4,34.57,2.56,1691.04,80.94,26.5
2023-09-28,27.264,1859725.2,-258965.1,34.57,2.56,1691.04,80.94,26.5
2023-09-29,27.3752,1859725.2,153738.6,37.15,2.85,1691.04,80.94,26.5
2023-10-02,27.3767,34947500.0,60880.6,37.15,2.85,1749.11,80.63,31.5
2023-10-03,27.4044,34947500.0,58909.1,37.15,2.85,1749.11,80.63,31.5
2023-10-04,27.4518,41180405.0,58028.8,37.15,2.85,1749.11,80.63,31.5
2023-10-05,27.5316,9985000.0,56218.5,37.15,2.85,1749.11,80.63,31.5
2023-10-06,27.5264,9985000.0,31103.0,37.15,2.84,1749.11,80.63,31.5
2023-10-09,27.558,9985000.0,-21815.0,37.15,2.84,1749.11,80.63,31.5
2023-10-10,27.6559,9985000.0,-52051.7,37.15,2.84,1749.11,80.63,31.5
2023-10-11,27.6791,33752569.5,-93321.9,37.15,2.84,1749.11,80.63,31.5
2023-10-12,27.6894,27159200.0,-112595.4,37.15,2.84,1749.11,80.63,31.5
2023-10-13,27.7077,2196700.0,-6913.5,37.9,2.82,1749.11,80.63,31.5
2023-10-16,27.7439,2196700.0,-15665.6,37.9,2.82,1749.11,80.63,31.5
2023-10-17,27.8364,2196700.0,-85868.2,37.9,2.82,1749.11,80.63,31.5
2023-10-18,27.8719,38680950.0,-67745.8,37.9,2.82,1749.11,80.63,31.5
2023-10-19,27.9659,2995500.0,-32342.9,37.9,2.82,1749.11,80.63,31.5
2023-10-20,27.9649,2995500.0,-51270.9,37.45,2.78,1749.11,80.63,31.5
2023-10-23,27.9714,2995500.0,-119442.2,37.45,2.78,1749.11,80.63,31.5
2023-10-24,28.0103,2995500.0,-149206.15,37.45,2.78,1749.11,80.63,31.5
2023-10-25,28.0536,2995500.0,-145667.52,37.45,2.78,1749.11,80.63,31.5
2023-10-26,28.0807,9985000.0,-225265.4,37.45,2.78,1749.11,80.63,31.5
2023-10-27,28.1026,9985000.0,-148214.1,37.53,2.91,1749.11,80.63,31.5
2023-10-30,28.1258,9985000.0,-216632.5,37.53,2.91,1749.11,80.63,31.5
2023-10-31,28.2043,38872972.64,-228622.6,37.53,2.91,1749.11,80.63,31.5
2023-11-01,28.2366,84372.75,-163904.1,37.53,2.91,1806.5,78.74,40.88
2023-11-02,28.2806,1629000.33,-123754.7,37.53,2.91,1806.5,78.74,40.88
2023-11-03,28.3063,5991000.0,-139039.4,40.09,2.86,1806.5,78.74,40.88
2023-11-06,28.3479,21169620.0,-171837.2,40.09,2.86,1806.5,78.74,40.88
2023-11-07,28.3884,21169620.0,-144672.2,40.09,2.86,1806.5,78.74,40.88
2023-11-08,28.4353,21169620.0,-202516.7,40.09,2.86,1806.5,78.74,40.88
2023-11-09,28.4767,21169620.0,-179152.2,40.09,2.86,1806.5,78.74,40.88
2023-11-10,28.4759,21169620.0,75571.85,40.58,2.82,1806.5,78.74,40.88
2023-11-13,28.4857,21169620.0,49664.1,40.58,2.82,1806.5,78.74,40.88
2023-11-14,28.542,28724058.0,43655.3,40.58,2.82,1806.5,78.74,40.88
2023-11-15,28.5826,28724058.0,44149.5,40.58,2.82,1806.5,78.74,40.88
2023-11-16,28.6163,28724058.0,26831.07,40.58,2.82,1806.5,78.74,40.88
2023-11-17,28.6529,28724058.0,47456.9,40.78,2.78,1806.5,78.74,40.88
2023-11-20,28.6592,20914699.2,20305.8,40.78,2.78,1806.5,78.74,40.88
2023-11-21,28.7051,20914699.2,18173.4,40.78,2.78,1806.5,78.74,40.88
2023-11-22,28.7474,15732048.45,-19912.7,40.78,2.78,1806.5,78.74,40.88
2023-11-23,28.7618,15732048.45,-30827.8,40.78,2.78,1806.5,78.74,40.88
2023-11-24,28.7786,10020000.0,-43725.3,41.76,2.96,1806.5,78.74,40.88
2023-11-27,28.8088,1838372.52,-32799.5,41.76,2.96,1806.5,78.74,40.88
2023-11-28,28.8584,1838372.52,-27227.2,41.76,2.96,1806.5,78.74,40.88
2023-11-29,28.8768,826047.8,-25809.29,41.76,2.96,1806.5,78.74,40.88
2023-11-30,28.8596,826047.8,-17944.8,41.76,2.96,1806.5,78.74,40.88
2023-12-01,28.8209,826047.8,-14954.8,44.02,2.85,1859.38,76.77,40.88
2023-12-04,28.8553,826047.8,-12120.5,44.02,2.85,1859.38,76.77,40.88
2023-12-05,28.8515,826047.8,-15197.9,44.02,2.85,1859.38,76.77,40.88
2023-12-06,28.8705,21543740.0,-35283.6,44.02,2.85,1859.38,76.77,40.88
2023-12-07,28.8793,21543740.0,-66222.9,44.02,2.85,1859.38,76.77,40.88
2023-12-08,28.874,21543740.0,-5535.6,44.94,2.75,1859.38,76.77,40.88
2023-12-11,28.8974,21543740.0,-21609.9,44.94,2.75,1859.38,76.77,40.88
2023-12-12,28.9396,4205135.03,-21588.2,44.94,2.75,1859.38,76.77,40.88
2023-12-13,28.9773,4205135.03,-21874.4,44.94,2.75,1859.38,76.77,40.88
2023-12-14,29.0056,4205135.03,-33327.1,44.94,2.75,1859.38,76.77,40.88
2023-12-15,28.9805,4992500.0,-41892.8,45.8,2.72,1859.38,76.77,40.88
2023-12-18,28.9847,4992500.0,-121555.0,45.8,2.72,1859.38,76.77,40.88
2023-12-19,29.0053,4992500.0,-197360.4,45.8,2.72,1859.38,76.77,40.88
2023-12-20,29.0299,10020000.0,-218429.7,45.8,2.72,1859.38,76.77,40.88
2023-12-21,29.0677,10020000.0,-263024.9,45.8,2.72,1859.38,76.77,40.88
2023-12-22,29.0897,10020000.0,-229727.99,46.37,2.77,1859.38,76.77,40.88
2023-12-25,29.1344,10020000.0,-298343.7,46.37,2.77,1859.38,76.77,40.88
2023-12-26,29.2108,200400.0,-322324.8,46.37,2.77,1859.38,76.77,40.88
2023-12-27,29.2647,22143068.3,-324469.93,46.37,2.77,1859.38,76.77,40.88
2023-12-28,29.3374,22143068.3,-334921.2,46.37,2.77,1859.38,76.77,40.88
2023-12-29,29.3973,22143068.3,-363194.13,47.06,2.89,1859.38,76.77,40.88
2024-01-02,29.4382,22143068.3,-348727.7,47.06,2.89,1984.02,75.29,44.0
2024-01-03,29.6675,22143068.3,-400203.8,47.06,2.89,1984.02,75.29,44.0
2024-01-04,29.7394,22143068.3,-302913.3,47.06,2.89,1984.02,75.29,44.0
2024-01-05,29.7452,22143068.3,-214077.7,46.48,2.69,1984.02,75.29,44.0
2024-01-08,29.7714,22143068.3,-140433.7,46.48,2.69,1984.02,75.29,44.0
2024-01-09,29.8342,22143068.3,-117473.93,46.48,2.69,1984.02,75.29,44.0
2024-01-10,29.8823,22143068.3,-68981.5,46.48,2.69,1984.02,75.29,44.0
2024-01-11,29.9136,22143068.3,-132260.7,46.48,2.69,1984.02,75.29,44.0
2024-01-12,29.9581,22143068.3,-168927.33,46.18,2.63,1984.02,75.29,44.0
2024-01-15,30.0163,71822111.66,-292909.92,46.18,2.63,1984.02,75.29,44.0
2024-01-16,30.0449,92401049.17,-294211.8,46.18,2.63,1984.02,75.29,44.0
2024-01-17,30.047,57156249.55,-279513.0,46.18,2.63,1984.02,75.29,44.0
2024-01-18,30.0721,16735120.47,-275399.8,46.18,2.63,1984.02,75.29,44.0
2024-01-19,30.0847,12250297.8,-220264.39,45.9,2.48,1984.02,75.29,44.0
2024-01-22,30.1219,12250297.8,-146335.4,45.9,2.48,1984.02,75.29,44.0
2024-01-23,30.1806,2636005.12,-70913.5,45.9,2.48,1984.02,75.29,44.0
2024-01-24,30.2185,2636005.12,-54993.8,45.9,2.48,1984.02,75.29,44.0
2024-01-25,30.2145,10020000.0,-54775.4,45.9,2.48,1984.02,75.29,44.0
2024-01-26,30.2185,10020000.0,-731878.3,46.36,2.37,1984.02,75.29,44.0
2024-01-29,30.2343,1659611.63,-665269.7,46.36,2.37,1984.02,75.29,44.0
2024-01-30,30.2849,532808.32,-628653.7,46.36,2.37,1984.02,75.29,44.0
2024-01-31,30.3053,15559.32,-740783.6,46.36,2.37,1984.02,75.29,44.0
2024-02-01,30.2952,998500.0,-602119.9,46.36,2.37,2073.88,79.1,46.5
2024-02-02,30.3063,2949895.78,-122057.2,46.63,2.31,2073.88,79.1,46.5
2024-02-05,30.3735,2949895.78,-103879.3,46.63,2.31,2073.88,79.1,46.5
2024-02-06,30.477,735209.0,-103459.9,46.63,2.31,2073.88,79.1,46.5
2024-02-07,30.5077,735209.0,-103343.8,46.63,2.31,2073.88,79.1,46.5
2024-02-08,30.5349,735209.0,-110420.15,46.63,2.31,2073.88,79.1,46.5
2024-02-09,30.5357,735209.0,-140210.1,46.48,1.98,2073.88,79.1,46.5
2024-02-12,30.6005,15030000.0,-133297.8,46.48,1.98,2073.88,79.1,46.5
2024-02-13,30.6318,5010000.0,-188856.0,46.48,1.98,2073.88,79.1,46.5
2024-02-14,30.669,5010000.0,-191017.5,46.48,1.98,2073.88,79.1,46.5
2024-02-15,30.6835,9802553.87,-203360.7,46.48,1.98,2073.88,79.1,46.5
2024-02-16,30.6968,9802553.87,-175843.8,47.01,2.01,2073.88,79.1,46.5
2024-02-19,30.7221,9802553.87,-235573.2,47.01,2.01,2073.88,79.1,46.5
2024-02-20,30.804,10020000.0,-221339.4,47.01,2.01,2073.88,79.1,46.5
2024-02-21,30.8388,10020000.0,-187720.0,47.01,2.01,2073.88,79.1,46.5
2024-02-22,30.9096,9769500.0,-144935.5,47.01,2.01,2073.88,79.1,46.5
2024-02-23,30.9582,701400.0,-101899.4,46.82,1.94,2073.88,79.1,46.5
2024-02-26,31.0047,100200.0,-81254.4,46.82,1.94,2073.88,79.1,46.5
2024-02-27,31.0441,100200.0,-35320.0,46.82,1.94,2073.88,79.1,46.5
2024-02-28,31.0737,100200.0,-14064.8,46.82,1.94,2073.88,79.1,46.5
2024-02-29,31.1201,25050000.0,-110862.8,46.82,1.94,2073.88,79.1,46.5
2024-03-01,31.1597,15030000.0,26294.4,47.82,2.0,2139.47,80.01,46.69
2024-03-04,31.2392,801600.0,155601.1,47.82,2.0,2139.47,80.01,46.69
2024-03-05,31.4069,2154300.0,184189.3,47.82,2.0,2139.47,80.01,46.69
2024-03-06,31.5457,7836381.48,243492.4,47.82,2.0,2139.47,80.01,46.69
2024-03-07,31.6612,2905800.0,239276.9,47.82,2.0,2139.47,80.01,46.69
2024-03-08,31.7768,23862118.98,244456.7,48.2,2.05,2139.47,80.01,46.69
2024-03-11,31.8618,350700.0,154347.2,48.2,2.05,2139.47,80.01,46.69
2024-03-12,31.9378,58015800.0,144115.7,48.2,2.05,2139.47,80.01,46.69
2024-03-13,31.9856,2143598.64,133271.1,48.2,2.05,2139.47,80.01,46.69
2024-03-14,32.039,1216483.86,228854.1,48.2,2.05,2139.47,80.01,46.69
2024-03-15,32.0629,5110200.0,46928.0,49.63,2.02,2139.47,80.01,46.69
2024-03-18,32.1214,10771500.0,84513.5,49.63,2.02,2139.47,80.01,46.69
2024-03-19,32.2448,14428800.0,122383.2,49.63,2.02,2139.47,80.01,46.69
2024-03-20,32.2791,8474415.0,176217.2,49.63,2.02,2139.47,80.01,46.69
2024-03-21,32.3294,4709400.0,224228.9,49.63,2.02,2139.47,80.01,46.69
2024-03-22,32.3105,12625200.0,26873.5,52.01,2.05,2139.47,80.01,46.69
2024-03-25,31.9675,11272500.0,25896.8,52.01,2.05,2139.47,80.01,46.69
2024-03-26,32.0592,12928400.2,23116.2,52.01,2.05,2139.47,80.01,46.69
2024-03-27,32.1005,3256500.0,-1650.5,52.01,2.05,2139.47,80.01,46.69
2024-03-28,32.165,1608622.82,94464.9,52.01,2.05,2139.47,80.01,46.69
2024-03-29,32.2596,150300.0,208821.6,57.3,1.97,2139.47,80.01,46.69
2024-04-01,32.2854,400800.0,154706.8,57.3,1.97,2207.5,76.68,53.0
2024-04-02,32.3568,501000.0,147329.8,57.3,1.97,2207.5,76.68,53.0
2024-04-03,32.1302,30260400.0,169783.2,57.3,1.97,2207.5,76.68,53.0
2024-04-04,31.9392,200400.0,150906.0,57.3,1.97,2207.5,76.68,53.0
2024-04-05,31.8396,200400.0,115322.8,59.54,2.0,2207.5,76.68,53.0
2024-04-08,31.9209,200400.0,-76314.1,59.54,2.0,2207.5,76.68,53.0
2024-04-09,32.006,200400.0,-104605.3,59.54,2.0,2207.5,76.68,53.0
2024-04-15,32.006,200400.0,-23068.2,57.98,1.88,2207.5,76.68,53.0
2024-04-16,32.3271,200400.0,-22377.31,57.98,1.88,2207.5,76.68,53.0
2024-04-17,32.4049,56193.99,53722.1,57.98,1.88,2207.5,76.68,53.0
2024-04-18,32.4626,56193.99,185025.8,57.98,1.88,2207.5,76.68,53.0
2024-04-19,32.4551,56193.99,136671.3,60.34,1.96,2207.5,76.68,53.0
2024-04-22,32.5096,150300.0,77620.4,60.34,1.96,2207.5,76.68,53.0
2024-04-24,32.5,150300.0,58306.4,60.34,1.96,2207.5,76.68,53.0
2024-04-25,32.4742,9985000.0,71673.7,60.34,1.96,2207.5,76.68,53.0
2024-04-26,32.4747,9985000.0,95091.7,60.31,1.8,2207.5,76.68,53.0
2024-04-29,32.4527,9985000.0,45295.6,60.31,1.8,2207.5,76.68,53.0
2024-04-30,32.3389,9985000.0,28015.9,60.31,1.8,2207.5,76.68,53.0
2024-05-02,32.3091,9985000.0,16639.1,60.31,1.8,2281.85,76.09,53.0
2024-05-03,32.3199,9985000.0,53230.6,61.05,1.82,2281.85,76.09,53.0
2024-05-06,32.2472,9985000.0,-47214.4,61.05,1.82,2281.85,76.09,53.0
2024-05-07,32.2242,9985000.0,-86633.4,61.05,1.82,2281.85,76.09,53.0
2024-05-08,32.2073,24759500.0,-163709.2,61.05,1.82,2281.85,76.09,53.0
2024-05-09,32.207,30000000.0,-176721.8,61.05,1.82,2281.85,76.09,53.0
2024-05-10,32.177,35000000.0,-65558.5,60.53,1.94,2281.85,76.09,53.0
2024-05-13,32.1534,35000000.0,-113303.0,60.53,1.94,2281.85,76.09,53.0
2024-05-14,32.1496,21454190.0,-160858.1,60.53,1.94,2281.85,76.09,53.0
2024-05-15,32.1946,21454190.0,-236321.3,60.53,1.94,2281.85,76.09,53.0
2024-05-16,32.2296,21454190.0,-258484.7,60.53,1.94,2281.85,76.09,53.0
2024-05-17,32.1573,58746308.0,-349118.5,58.68,1.93,2281.85,76.09,53.0
2024-05-20,32.194,58746308.0,-390202.0,58.68,1.93,2281.85,76.09,53.0
2024-05-21,32.156,58746308.0,-462107.0,58.68,1.93,2281.85,76.09,53.0
2024-05-22,32.1556,58746308.0,-516092.7,58.68,1.93,2281.85,76.09,53.0
2024-05-23,32.1209,58746308.0,-586315.6,58.68,1.93,2281.85,76.09,53.0
2024-05-24,32.1421,58746308.0,-79603.8,58.06,2.0,2281.85,76.09,53.0
2024-05-27,32.1452,58746308.0,73520.5,58.06,2.0,2281.85,76.09,53.0
2024-05-28,32.1311,58746308.0,124594.1,58.06,2.0,2281.85,76.09,53.0
2024-05-29,32.1203,652497.73,64470.7,58.06,2.0,2281.85,76.09,53.0
2024-05-30,32.1874,1280500.0,134741.4,58.06,2.0,2281.85,76.09,53.0
2024-05-31,32.2489,1280500.0,132467.9,57.54,2.24,2281.85,76.09,53.0
2024-06-03,32.1339,1280500.0,123993.44,57.54,2.24,2319.29,71.49,53.0
2024-06-04,32.1534,1280500.0,92918.06,57.54,2.24,2319.29,71.49,53.0
2024-06-05,32.2687,1280500.0,210532.4,57.54,2.24,2319.29,71.49,53.0
2024-06-06,32.4547,1280500.0,199171.0,57.54,2.24,2319.29,71.49,53.0
2024-06-07,32.1775,1280500.0,220994.3,57.57,2.13,2319.29,71.49,53.0
2024-06-10,32.1923,1280500.0,199924.55,57.57,2.13,2319.29,71.49,53.0
2024-06-11,32.3699,1280500.0,166101.85,57.57,2.13,2319.29,71.49,53.0
2024-06-12,32.3127,1280500.0,163744.75,57.57,2.13,2319.29,71.49,53.0
2024-06-13,32.3073,1280500.0,123638.8,57.57,2.13,2319.29,71.49,53.0
2024-06-14,32.2313,1280500.0,24422.15,57.1,2.44,2319.29,71.49,53.0
2024-06-20,32.4579,1280500.0,-263922.5,57.1,2.44,2319.29,71.49,53.0
2024-06-21,32.5711,1280500.0,52828.5,56.15,1.89,2319.29,71.49,53.0
2024-06-24,32.781,1280500.0,41577.3,56.15,1.89,2319.29,71.49,53.0
2024-06-25,32.8078,1280500.0,26762.9,56.15,1.89,2319.29,71.49,53.0
2024-06-26,32.9015,1280500.0,60825.8,56.15,1.89,2319.29,71.49,53.0
2024-06-27,32.904,1280500.0,50008.2,56.15,1.89,2319.29,71.49,53.0
2024-06-28,32.8417,1280500.0,234633.2,56.36,2.36,2319.29,71.49,53.0
2024-07-01,32.8262,1280500.0,140980.2,56.36,2.36,2394.1,71.98,53.0
2024-07-02,32.6207,1280500.0,119362.7,56.36,2.36,2394.1,71.98,53.0
2024-07-03,32.629,20015424.0,128274.57,56.36,2.36,2394.1,71.98,53.0
2024-07-04,32.4929,20015424.0,195514.6,56.36,2.36,2394.1,71.98,53.0
2024-07-05,32.5011,20015424.0,230667.5,56.55,2.01,2394.1,71.98,53.0
2024-07-08,32.6301,20015424.0,138677.2,56.55,2.01,2394.1,71.98,53.0
2024-07-09,32.6401,20015424.0,135622.3,56.55,2.01,2394.1,71.98,53.0
2024-07-10,32.7362,20015424.0,144803.72,56.55,2.01,2394.1,71.98,53.0
2024-07-11,32.8849,20015424.0,74833.3,56.55,2.01,2394.1,71.98,53.0
2024-07-12,32.8473,6020847.34,-143411.5,56.16,1.76,2394.1,71.98,53.0
2024-07-16,32.9069,6020847.34,-137412.16,56.16,1.76,2394.1,71.98,53.0
2024-07-17,33.0223,6020847.34,-202425.8,56.16,1.76,2394.1,71.98,53.0
2024-07-18,33.038,6020847.34,-294238.7,56.16,1.76,2394.1,71.98,53.0
2024-07-19,33.0389,6020847.34,-143541.4,55.77,1.85,2394.1,71.98,53.0
2024-07-22,33.0042,6020847.34,-211597.4,55.77,1.85,2394.1,71.98,53.0
2024-07-23,32.9441,1512487.2,-202427.0,55.77,1.85,2394.1,71.98,53.0
2024-07-24,32.8805,1512487.2,-216221.2,55.77,1.85,2394.1,71.98,53.0
2024-07-25,32.8106,1512487.2,-193801.3,55.77,1.85,2394.1,71.98,53.0
2024-07-26,32.9833,1512487.2,-271938.5,55.75,1.78,2394.1,71.98,53.0
2024-07-29,32.9586,20040000.0,-318268.6,55.75,1.78,2394.1,71.98,53.0
2024-07-30,32.9509,100200.0,-347543.52,55.75,1.78,2394.1,71.98,53.0
2024-07-31,33.0304,100200.0,-220371.74,55.75,1.78,2394.1,71.98,53.0
2024-08-01,33.0835,100200.0,-389073.8,55.75,1.78,2453.34,73.14,53.0
2024-08-02,33.0782,100200.0,-89356.7,55.79,1.73,2453.34,73.14,53.0
2024-08-05,33.0763,100200.0,-71389.14,55.79,1.73,2453.34,73.14,53.0
2024-08-06,33.2573,100200.0,-23008.67,55.79,1.73,2453.34,73.14,53.0
2024-08-07,33.3984,20040000.0,25698.7,55.79,1.73,2453.34,73.14,53.0
2024-08-08,33.4965,20040000.0,49580.8,55.79,1.73,2453.34,73.14,53.0
2024-08-09,33.4471,20040000.0,50424.6,55.2,1.72,2453.34,73.14,53.0
2024-08-12,33.4596,20040000.0,-17299.2,55.2,1.72,2453.34,73.14,53.0
2024-08-13,33.4843,20040000.0,-158256.05,55.2,1.72,2453.34,73.14,53.0
2024-08-14,33.4928,20040000.0,-175233.8,55.2,1.72,2453.34,73.14,53.0
2024-08-15,33.4846,20040000.0,-141322.2,55.2,1.72,2453.34,73.14,53.0
2024-08-16,33.5746,20040000.0,-211214.3,55.33,1.62,2453.34,73.14,53.0
2024-08-19,33.6107,20040000.0,-262964.57,55.33,1.62,2453.34,73.14,53.0
2024-08-20,33.6524,20040000.0,-244321.95,55.33,1.62,2453.34,73.14,53.0
2024-08-21,33.7482,20040000.0,-220831.49,55.33,1.62,2453.34,73.14,53.0
2024-08-22,33.8465,2505000.0,-151350.9,55.33,1.62,2453.34,73.14,53.0
2024-08-23,33.8506,2505000.0,-149983.5,55.47,1.37,2453.34,73.14,53.0
2024-08-26,33.8863,10020000.0,-201835.5,55.47,1.37,2453.34,73.14,53.0
2024-08-27,33.9282,300600.0,-234419.82,55.47,1.37,2453.34,73.14,53.0
2024-08-28,33.9577,300600.0,-158714.8,55.47,1.37,2453.34,73.14,53.0
2024-08-29,33.9626,300600.0,-29232.65,55.47,1.37,2453.34,73.14,53.0
2024-09-02,33.9233,222544.2,45111.94,55.29,1.32,2526.16,71.56,53.0
2024-09-03,33.9196,222544.2,234484.1,55.29,1.32,2526.16,71.56,53.0
2024-09-04,33.887,222544.2,239431.5,55.29,1.32,2526.16,71.56,53.0
2024-09-05,33.9725,222544.2,277542.9,55.29,1.32,2526.16,71.56,53.0
2024-09-06,33.9091,222544.2,265674.4,55.95,1.43,2526.16,71.56,53.0
2024-09-09,33.8937,222544.2,129734.5,55.95,1.43,2526.16,71.56,53.0
2024-09-10,33.9676,222544.2,15413.0,55.95,1.43,2526.16,71.56,53.0
2024-09-11,33.9904,222544.2,18569.39,55.95,1.43,2526.16,71.56,53.0
2024-09-12,33.9398,300600.0,-75513.82,55.95,1.43,2526.16,71.56,53.0
2024-09-13,33.8984,300600.0,-139625.56,56.15,1.27,2526.16,71.56,53.0
2024-09-16,33.8159,8712445.5,-227897.35,56.15,1.27,2526.16,71.56,53.0
2024-09-17,33.8895,8712445.5,-309659.95,56.15,1.27,2526.16,71.56,53.0
2024-09-18,33.9681,300600.0,-308910.4,56.15,1.27,2526.16,71.56,53.0
2024-09-19,34.0283,300600.0,-319737.7,56.15,1.27,2526.16,71.56,53.0
2024-09-20,33.9766,300600.0,-394899.4,56.26,1.31,2526.16,71.56,53.0
2024-09-23,33.9531,300600.0,-321789.8,56.26,1.31,2526.16,71.56,53.0
2024-09-24,34.0627,300600.0,-333822.5,56.26,1.31,2526.16,71.56,53.0
2024-09-25,34.0815,300600.0,-386522.99,56.26,1.31,2526.16,71.56,53.0
2024-09-26,34.0894,300600.0,-406689.34,56.26,1.31,2526.16,71.56,53.0
2024-09-27,34.0982,300600.0,-398516.87,56.11,1.12,2526.16,71.56,53.0
2024-09-30,34.09,300600.0,-190797.45,56.11,1.12,2526.16,71.56,53.0
2024-10-01,34.121,300600.0,-261883.46,56.11,1.12,2598.91,67.23,53.0
2024-10-02,34.1247,300600.0,-198705.21,56.11,1.12,2598.91,67.23,53.0
2024-10-03,34.1538,300600.0,-216624.05,56.11,1.12,2598.91,67.23,53.0
2024-10-04,34.1126,300600.0,-246355.1,56.26,1.38,2598.91,67.23,53.0
2024-10-07,34.1398,300600.0,-269455.75,56.26,1.38,2598.91,67.23,53.0
2024-10-08,34.1881,300600.0,-292410.27,56.26,1.38,2598.91,67.23,53.0
2024-10-09,34.2103,300600.0,-332169.95,56.26,1.38,2598.91,67.23,53.0
2024-10-10,34.1951,300600.0,-369843.74,56.26,1.38,2598.91,67.23,53.0
2024-10-11,34.1522,300600.0,-349368.2,55.94,1.22,2598.91,67.23,53.0
2024-10-14,34.1625,300600.0,-397284.2,55.94,1.22,2598.91,67.23,53.0
2024-10-15,34.2034,300600.0,-465884.88,55.94,1.22,2598.91,67.23,53.0
2024-10-16,34.2018,7468357.12,-498556.0,55.94,1.22,2598.91,67.23,53.0
2024-10-17,34.1633,20040000.0,-456202.61,55.94,1.22,2598.91,67.23,53.0
2024-10-18,34.1155,2885025.03,-502665.13,56.06,1.39,2598.91,67.23,53.0
2024-10-21,34.1786,2885025.03,-542912.6,56.06,1.39,2598.91,67.23,53.0
2024-10-22,34.1788,2885025.03,-539764.8,56.06,1.39,2598.91,67.23,53.0
2024-10-23,34.1821,400800.0,-633391.0,56.06,1.39,2598.91,67.23,53.0
2024-10-24,34.2011,400800.0,-672919.1,56.06,1.39,2598.91,67.23,53.0
2024-10-25,34.1902,400800.0,-541213.5,55.82,1.13,2598.91,67.23,53.0
2024-10-28,34.189,400800.0,-641310.7,55.82,1.13,2598.91,67.23,53.0
2024-10-30,34.189,400800.0,-592662.7,55.82,1.13,2598.91,67.23,53.0
2024-10-31,34.2095,1043583.0,-466633.7,55.82,1.13,2598.91,67.23,53.0
2024-11-01,34.1787,1043583.0,-428237.5,56.02,1.19,2657.23,64.05,53.0
2024-11-04,34.2236,1043583.0,-316127.6,56.02,1.19,2657.23,64.05,53.0
2024-11-05,34.2757,1043583.0,-288173.7,56.02,1.19,2657.23,64.05,53.0
2024-11-06,34.282,1043583.0,-292251.8,56.02,1.19,2657.23,64.05,53.0
2024-11-07,34.1841,1043583.0,-397607.22,56.02,1.19,2657.23,64.05,53.0
2024-11-08,34.1764,1043583.0,-350386.41,55.48,1.13,2657.23,64.05,53.0
2024-11-11,34.2614,50100.0,-389266.78,55.48,1.13,2657.23,64.05,53.0
2024-11-12,34.2869,50100.0,-429460.27,55.48,1.13,2657.23,64.05,53.0
2024-11-13,34.3128,50100.0,-526634.43,55.48,1.13,2657.23,64.05,53.0
2024-11-14,34.3118,25050000.0,-552822.2,55.48,1.13,2657.23,64.05,53.0
2024-11-15,34.2996,25050000.0,-607727.1,55.99,1.27,2657.23,64.05,53.0
2024-11-18,34.3333,25050000.0,-691359.38,55.99,1.27,2657.23,64.05,53.0
2024-11-19,34.4321,25050000.0,-670096.05,55.99,1.27,2657.23,64.05,53.0
2024-11-20,34.5162,25050000.0,-572040.12,55.99,1.27,2657.23,64.05,53.0
2024-11-21,34.4372,25050000.0,-637919.21,55.99,1.27,2657.23,64.05,53.0
2024-11-22,34.4495,25050000.0,-611621.8,56.06,1.17,2657.23,64.05,53.0
2024-11-25,34.4642,25050000.0,-688454.77,56.06,1.17,2657.23,64.05,53.0
2024-11-26,34.5184,25050000.0,-696910.8,56.06,1.17,2657.23,64.05,53.0
2024-11-27,34.5726,25050000.0,-578513.2,56.06,1.17,2657.23,64.05,53.0
2024-11-28,34.5728,25050000.0,-509915.2,56.06,1.17,2657.23,64.05,53.0
2024-11-29,34.5697,25050000.0,-396288.5,55.93,1.48,2657.23,64.05,53.0
2024-12-02,34.5794,25050000.0,-483304.2,55.93,1.48,2684.55,63.14,53.0
2024-12-03,34.6432,100200.0,-469654.4,55.93,1.48,2684.55,63.14,53.0
2024-12-04,34.6766,100200.0,-417052.0,55.93,1.48,2684.55,63.14,53.0
2024-12-05,34.6873,100200.0,-366036.49,55.93,1.48,2684.55,63.14,53.0
2024-12-06,34.6753,100200.0,-224192.4,55.94,1.16,2684.55,63.14,53.0
2024-12-09,34.7007,100200.0,-289911.6,55.94,1.16,2684.55,63.14,53.0
2024-12-10,34.7499,25050000.0,-316452.3,55.94,1.16,2684.55,63.14,53.0
2024-12-11,34.7797,25050000.0,-301622.87,55.94,1.16,2684.55,63.14,53.0
2024-12-12,34.8028,25050000.0,-438822.35,55.94,1.16,2684.55,63.14,53.0
2024-12-13,34.8177,25050000.0,-443025.0,56.21,1.36,2684.55,63.14,53.0
2024-12-16,34.8621,25050000.0,-496469.22,56.21,1.36,2684.55,63.14,53.0
2024-12-17,34.8985,25050000.0,-568849.43,56.21,1.36,2684.55,63.14,53.0
2024-12-18,34.9219,25050000.0,-493593.67,56.21,1.36,2684.55,63.14,53.0
2024-12-19,34.9529,25050000.0,-635644.97,56.21,1.36,2684.55,63.14,53.0
2024-12-20,35.0067,25050000.0,-378155.1,56.54,1.22,2684.55,63.14,53.0
2024-12-23,35.0619,25050000.0,-519261.9,56.54,1.22,2684.55,63.14,53.0
2024-12-24,35.1065,25050000.0,-586287.3,56.54,1.22,2684.55,63.14,53.0
2024-12-25,35.1814,25050000.0,-642742.5,56.54,1.22,2684.55,63.14,53.0
2024-12-26,35.2162,25050000.0,-878811.9,56.54,1.22,2684.55,63.14,53.0
2024-12-27,35.2033,25050000.0,-425974.6,55.68,1.4,2684.55,63.14,53.0
2024-12-30,35.1368,25050000.0,-452829.6,55.68,1.4,2684.55,63.14,53.0
2024-12-31,35.2233,25050000.0,-250332.0,55.68,1.4,2684.55,63.14,53.0
2025-01-02,35.2803,25050000.0,-797850.37,55.68,1.4,2819.65,58.82,53.0
2025-01-03,35.2525,25050000.0,-541752.19,54.58,1.49,2819.65,58.82,53.0
2025-01-06,35.271,25050000.0,-553834.0,54.58,1.49,2819.65,58.82,53.0
2025-01-07,35.2892,25050000.0,-652111.9,54.58,1.49,2819.65,58.82,53.0
2025-01-08,35.2764,25050000.0,-711735.6,54.58,1.49,2819.65,58.82,53.0
2025-01-09,35.3179,25050000.0,-723410.8,54.58,1.49,2819.65,58.82,53.0
2025-01-10,35.2921,25050000.0,-787351.75,53.55,1.57,2819.65,58.82,53.0
2025-01-13,35.3356,25050000.0,-963180.0,53.55,1.57,2819.65,58.82,53.0
2025-01-14,35.4197,25050000.0,-1061331.5,53.55,1.57,2819.65,58.82,53.0
2025-01-15,35.4292,25050000.0,-1015851.7,53.55,1.57,2819.65,58.82,53.0
2025-01-16,35.4294,25050000.0,-1001535.15,53.55,1.57,2819.65,58.82,53.0
2025-01-17,35.3979,4834764.0,-1069647.1,52.87,1.65,2819.65,58.82,53.0
2025-01-20,35.4119,4834764.0,-1116108.34,52.87,1.65,2819.65,58.82,53.0
2025-01-21,35.5183,4834764.0,-1137928.53,52.87,1.65,2819.65,58.82,53.0
2025-01-22,35.5516,4834764.0,-1091163.1,52.87,1.65,2819.65,58.82,53.0
2025-01-23,35.5815,4834764.0,-1351389.72,52.87,1.65,2819.65,58.82,53.0
2025-01-24,35.5915,4834764.0,-777178.3,51.83,1.58,2819.65,58.82,53.0
2025-01-27,35.5994,4834764.0,-834075.2,51.83,1.58,2819.65,58.82,53.0
2025-01-28,35.6602,4834764.0,-814747.01,51.83,1.58,2819.65,58.82,53.0
2025-01-29,35.6978,4834764.0,-775473.8,51.83,1.58,2819.65,58.82,53.0
2025-01-30,35.7067,4834764.0,-774904.9,51.83,1.58,2819.65,58.82,53.0
2025-01-31,35.721,4834764.0,-762637.29,50.61,1.76,2819.65,58.82,53.0
2025-02-03,35.763,200400.0,-808718.34,50.61,1.76,2883.75,59.18,53.0
2025-02-04,35.9022,200400.0,-659280.43,50.61,1.76,2883.75,59.18,53.0
2025-02-05,35.9164,5010000.0,-671599.8,50.61,1.76,2883.75,59.18,53.0
2025-02-06,35.8683,25050000.0,-751238.44,50.61,1.76,2883.75,59.18,53.0
2025-02-07,35.8332,25050000.0,-752412.7,50.64,1.93,2883.75,59.18,53.0
2025-02-10,35.9055,25050000.0,-854142.7,50.64,1.93,2883.75,59.18,53.0
2025-02-11,35.9451,25050000.0,-947582.35,50.64,1.93,2883.75,59.18,53.0
2025-02-12,35.9593,25050000.0,-922933.0,50.64,1.93,2883.75,59.18,53.0
2025-02-13,36.0273,25050000.0,-1192933.16,50.64,1.93,2883.75,59.18,53.0
2025-02-14,36.0448,25050000.0,-1137305.1,50.13,1.86,2883.75,59.18,53.0
2025-02-17,36.106,25050000.0,-1202687.79,50.13,1.86,2883.75,59.18,53.0
2025-02-18,36.1523,25050000.0,-1163062.59,50.13,1.86,2883.75,59.18,53.0
2025-02-19,36.1964,25050000.0,-1070175.3,50.13,1.86,2883.75,59.18,53.0
2025-02-20,36.2267,25050000.0,-863006.2,50.13,1.86,2883.75,59.18,53.0
2025-02-21,36.2472,25050000.0,-956333.4,50.17,1.99,2883.75,59.18,53.0
2025-02-24,36.306,25050000.0,-808238.9,50.17,1.99,2883.75,59.18,53.0
2025-02-25,36.3563,25050000.0,-880857.25,50.17,1.99,2883.75,59.18,53.0
2025-02-26,36.3875,25050000.0,-873143.39,50.17,1.99,2883.75,59.18,53.0
2025-02-27,36.3717,25050000.0,-953713.7,50.17,1.99,2883.75,59.18,53.0
2025-02-28,36.3652,25050000.0,-893884.89,50.05,1.9,2883.75,59.18,53.0
2025-03-03,36.3812,20040000.0,-895197.7,50.05,1.9,2954.69,59.25,46.0
2025-03-04,36.4097,20040000.0,-877811.8,50.05,1.9,2954.69,59.25,46.0
2025-03-05,36.4011,20040000.0,-860234.7,50.05,1.9,2954.69,59.25,46.0
2025-03-06,36.3682,20040000.0,-1064341.8,50.05,1.9,2954.69,59.25,46.0
2025-03-07,36.3748,20040000.0,-570332.81,49.18,1.88,2954.69,59.25,46.0
2025-03-10,36.3153,20040000.0,-640441.65,49.18,1.88,2954.69,59.25,46.0
2025-03-11,36.4558,20040000.0,-766952.4,49.18,1.88,2954.69,59.25,46.0
2025-03-12,36.5088,20040000.0,-794145.99,49.18,1.88,2954.69,59.25,46.0
2025-03-13,36.5401,20040000.0,-913968.8,49.18,1.88,2954.69,59.25,46.0
2025-03-14,36.5387,20040000.0,-967920.87,48.35,1.89,2954.69,59.25,46.0
2025-03-17,36.535,20040000.0,-1121660.25,48.35,1.89,2954.69,59.25,46.0
2025-03-18,36.6139,20040000.0,-1167791.58,48.35,1.89,2954.69,59.25,46.0
2025-03-19,36.5922,23046000.0,-991372.68,48.35,1.89,2954.69,59.25,46.0
2025-03-20,37.9839,23046000.0,-786858.9,48.35,1.89,2954.69,59.25,46.0
2025-03-21,37.915,200400.0,-674111.75,48.77,2.0,2954.69,59.25,46.0
2025-03-24,37.8502,2605200.0,-234308.7,48.77,2.0,2954.69,59.25,46.0
2025-03-25,37.86,100200.0,-374302.94,48.77,2.0,2954.69,59.25,46.0
2025-03-26,37.9086,300600.0,-474501.07,48.77,2.0,2954.69,59.25,46.0
2025-03-27,37.9287,841279.2,-650069.56,48.77,2.0,2954.69,59.25,46.0
2025-03-28,37.9323,50100.0,-117917.65,51.41,2.3,2954.69,59.25,46.0
2025-04-02,37.7656,50100.0,-83603.07,51.41,2.3,3043.23,59.3,46.56
2025-04-03,37.8559,50100.0,-96237.0,51.41,2.3,3043.23,59.3,46.56
2025-04-04,37.8637,50100.0,-62497.45,51.57,2.17,3043.23,59.3,46.56
2025-04-07,37.8465,50100.0,54595.27,51.57,2.17,3043.23,59.3,46.56
2025-04-08,37.933,50100.0,82921.06,51.57,2.17,3043.23,59.3,46.56
2025-04-09,37.93,50100.0,274024.86,51.57,2.17,3043.23,59.3,46.56
2025-04-10,37.9327,50100.0,296675.76,51.57,2.17,3043.23,59.3,46.56
2025-04-11,37.8646,50100.0,390372.86,51.93,2.07,3043.23,59.3,46.56
2025-04-14,37.9073,50100.0,400277.66,51.93,2.07,3043.23,59.3,46.56
2025-04-15,37.9649,50100.0,344518.66,51.93,2.07,3043.23,59.3,46.56
2025-04-16,38.0065,50100.0,192534.06,51.93,2.07,3043.23,59.3,46.56
2025-04-17,38.0472,50100.0,350140.76,51.93,2.07,3043.23,59.3,46.56
2025-04-18,38.0611,50100.0,-77392.64,53.35,2.2,3043.23,59.3,46.56
2025-04-21,38.0032,50100.0,184881.73,53.35,2.2,3043.23,59.3,46.56
2025-04-22,38.114,50100.0,135218.66,53.35,2.2,3043.23,59.3,46.56
2025-04-24,38.1314,50100.0,102282.15,53.35,2.2,3043.23,59.3,46.56
2025-04-25,38.2289,50100.0,251618.02,54.27,2.05,3043.23,59.3,46.56
2025-04-28,38.2455,50100.0,264877.95,54.27,2.05,3043.23,59.3,46.56
2025-04-29,38.3665,50100.0,309740.71,54.27,2.05,3043.23,59.3,46.56
2025-04-30,38.3672,50100.0,457600.93,54.27,2.05,3043.23,59.3,46.56
2025-05-02,38.3684,20040000.0,542625.06,55.86,2.29,3089.74,59.86,49.0
2025-05-05,38.3695,20040000.0,628644.91,55.86,2.29,3089.74,59.86,49.0
2025-05-06,38.5105,20040000.0,534425.0,55.86,2.29,3089.74,59.86,49.0
2025-05-07,38.5259,20040000.0,438764.9,55.86,2.29,3089.74,59.86,49.0
2025-05-08,38.556,20040000.0,684071.5,55.86,2.29,3089.74,59.86,49.0
2025-05-09,38.5529,20040000.0,773854.7,56.48,1.86,3089.74,59.86,49.0
2025-05-12,38.5725,20040000.0,631037.5,56.48,1.86,3089.74,59.86,49.0
2025-05-13,38.6761,300600.0,365882.6,56.48,1.86,3089.74,59.86,49.0
2025-05-14,38.7123,300600.0,357103.1,56.48,1.86,3089.74,59.86,49.0
2025-05-15,38.6933,300600.0,212490.4,56.48,1.86,3089.74,59.86,49.0
2025-05-16,38.6349,300600.0,115018.8,56.95,1.88,3089.74,59.86,49.0
2025-05-20,38.5944,300600.0,48384.3,56.95,1.88,3089.74,59.86,49.0
2025-05-21,38.7709,300600.0,23179.05,56.95,1.88,3089.74,59.86,49.0
2025-05-22,38.7602,300600.0,-27706.16,56.95,1.88,3089.74,59.86,49.0
2025-05-23,38.7965,300600.0,80120.7,56.94,1.78,3089.74,59.86,49.0
2025-05-26,38.8174,30060000.0,93649.75,56.94,1.78,3089.74,59.86,49.0
2025-05-27,38.8907,30060000.0,292451.6,56.94,1.78,3089.74,59.86,49.0
2025-05-28,38.9027,30060000.0,283240.7,56.94,1.78,3089.74,59.86,49.0
2025-05-29,38.9808,30060000.0,509698.9,56.94,1.78,3089.74,59.86,49.0
2025-05-30,39.0212,30060000.0,397278.4,57.24,2.03,3089.74,59.86,49.0
2025-06-02,39.0626,30060000.0,484068.8,57.24,2.03,3132.17,52.99,49.0
2025-06-03,39.1151,30060000.0,520376.7,57.24,2.03,3132.17,52.99,49.0
2025-06-04,39.0798,30060000.0,570071.5,57.24,2.03,3132.17,52.99,49.0
2025-06-05,39.0575,30060000.0,516255.6,57.24,2.03,3132.17,52.99,49.0
2025-06-10,39.0575,30060000.0,539354.2,57.36,1.87,3132.17,52.99,49.0
2025-06-11,39.1385,30060000.0,459382.18,57.36,1.87,3132.17,52.99,49.0
2025-06-12,39.1192,30060000.0,168879.37,57.36,1.87,3132.17,52.99,49.0
2025-06-13,39.2163,30060000.0,295142.92,56.69,1.91,3132.17,52.99,49.0
2025-06-16,39.2546,30060000.0,406082.7,56.69,1.91,3132.17,52.99,49.0
2025-06-17,39.321,30060000.0,281890.8,56.69,1.91,3132.17,52.99,49.0
2025-06-18,39.3015,30060000.0,240073.9,56.69,1.91,3132.17,52.99,49.0
2025-06-19,39.4229,30060000.0,293156.2,56.69,1.91,3132.17,52.99,49.0
2025-06-20,39.4801,30060000.0,336001.67,56.4,1.88,3132.17,52.99,49.0
2025-06-23,39.541,30060000.0,365845.8,56.4,1.88,3132.17,52.99,49.0
2025-06-24,39.647,30060000.0,389035.8,56.4,1.88,3132.17,52.99,49.0
2025-06-25,39.5502,13504002.72,278776.67,56.4,1.88,3132.17,52.99,49.0
2025-06-26,39.6392,13504002.72,309923.88,56.4,1.88,3132.17,52.99,49.0
2025-06-27,39.6989,13504002.72,423456.9,56.19,1.88,3132.17,52.99,49.0
2025-06-30,39.7424,22666316.49,449401.3,56.19,1.88,3132.17,52.99,49.0
2025-07-01,39.7408,22666316.49,146183.92,56.19,1.88,3196.66,54.53,49.0
2025-07-02,39.7733,22666316.49,89913.4,56.19,1.88,3196.66,54.53,49.0
2025-07-03,39.7292,22666316.49,95397.5,56.19,1.88,3196.66,54.53,49.0
2025-07-04,39.677,22666316.49,136823.94,56.06,1.84,3196.66,54.53,49.0
2025-07-07,39.6792,22666316.49,69087.84,56.06,1.84,3196.66,54.53,49.0
2025-07-08,39.9019,22666316.49,83948.97,56.06,1.84,3196.66,54.53,49.0
2025-07-09,39.9332,22666316.49,91890.4,56.06,1.84,3196.66,54.53,49.0
2025-07-10,39.9621,22666316.49,70960.86,56.06,1.84,3196.66,54.53,49.0
2025-07-11,39.9775,22666316.49,-137182.3,54.72,2.06,3196.66,54.53,49.0
2025-07-14,40.0076,22666316.49,-243418.7,54.72,2.06,3196.66,54.53,49.0
2025-07-16,40.0883,22666316.49,-310891.2,54.72,2.06,3196.66,54.53,49.0
2025-07-17,40.1639,22666316.49,-308781.3,54.72,2.06,3196.66,54.53,49.0
2025-07-18,40.2014,22666316.49,-382690.4,54.65,1.69,3196.66,54.53,49.0
2025-07-21,40.2282,22666316.49,-406268.6,54.65,1.69,3196.66,54.53,49.0
2025-07-22,40.3108,22666316.49,-471088.1,54.65,1.69,3196.66,54.53,49.0
2025-07-23,40.3356,22666316.49,-627912.18,54.65,1.69,3196.66,54.53,49.0
2025-07-24,40.3683,22666316.49,-747581.36,54.65,1.69,3196.66,54.53,49.0
2025-07-25,40.3929,22666316.49,-13507.37,52.52,1.9,3196.66,54.53,49.0
2025-07-28,40.399,22666316.49,-260473.8,52.52,1.9,3196.66,54.53,49.0
2025-07-29,40.4717,22666316.49,-261839.6,52.52,1.9,3196.66,54.53,49.0
2025-07-30,40.493,22666316.49,-222966.7,52.52,1.9,3196.66,54.53,49.0
2025-07-31,40.4994,22666316.49,-139843.63,52.52,1.9,3196.66,54.53,49.0
2025-08-01,40.5128,22666316.49,62939.34,51.4,1.84,3261.72,54.07,49.0
2025-08-04,40.519,22666316.49,-27348.45,51.4,1.84,3261.72,54.07,49.0
2025-08-05,40.594,22666316.49,-23692.68,51.4,1.84,3261.72,54.07,49.0
2025-08-06,40.6026,30060000.0,-89770.7,51.4,1.84,3261.72,54.07,49.0
2025-08-07,40.5932,30060000.0,-78952.6,51.4,1.84,3261.72,54.07,49.0
2025-08-08,40.5808,30060000.0,-133951.5,51.0,1.95,3261.72,54.07,49.0
2025-08-11,40.5543,30060000.0,-212353.1,51.0,1.95,3261.72,54.07,49.0
2025-08-12,40.6325,30060000.0,-223827.4,51.0,1.95,3261.72,54.07,49.0
2025-08-13,40.6384,30060000.0,-455632.11,51.0,1.95,3261.72,54.07,49.0
2025-08-14,40.6573,30060000.0,-612886.87,51.0,1.95,3261.72,54.07,49.0
2025-08-15,40.7094,30060000.0,-560868.04,50.5,1.76,3261.72,54.07,49.0
2025-08-18,40.7313,30060000.0,-536643.6,50.5,1.76,3261.72,54.07,49.0
2025-08-19,40.8084,30060000.0,-611585.17,50.5,1.76,3261.72,54.07,49.0
2025-08-20,40.812,30060000.0,-298166.61,50.5,1.76,3261.72,54.07,49.0
2025-08-21,40.841,30060000.0,-178037.6,50.5,1.76,3261.72,54.07,49.0
2025-08-22,40.8586,30060000.0,-252516.3,50.41,1.91,3261.72,54.07,49.0
2025-08-25,40.8507,30060000.0,-292414.3,50.41,1.91,3261.72,54.07,49.0
2025-08-26,40.9205,30060000.0,-444784.77,50.41,1.91,3261.72,54.07,49.0
2025-08-27,40.9413,30060000.0,-445891.9,50.41,1.91,3261.72,54.07,49.0
2025-08-28,40.9629,30060000.0,-387449.78,50.41,1.91,3261.72,54.07,49.0
2025-08-29,40.9735,30060000.0,-123138.0,50.49,1.74,3261.72,54.07,49.0
2025-09-01,40.9441,30060000.0,-238713.51,50.49,1.74,3367.22,52.99,49.0
2025-09-02,41.0379,30060000.0,-110779.2,50.49,1.74,3367.22,52.99,49.0
2025-09-03,41.0768,30060000.0,264611.63,50.49,1.74,3367.22,52.99,49.0
2025-09-04,41.0851,30060000.0,203742.1,50.49,1.74,3367.22,52.99,49.0
2025-09-05,41.0908,30060000.0,215200.5,50.1,1.91,3367.22,52.99,49.0
2025-09-08,41.097,30060000.0,37366.4,50.1,1.91,3367.22,52.99,49.0
2025-09-09,41.1816,30060000.0,-1369.4,50.1,1.91,3367.22,52.99,49.0
2025-09-10,41.192,30060000.0,86389.86,50.1,1.91,3367.22,52.99,49.0
2025-09-11,41.2013,30060000.0,-313358.79,50.1,1.91,3367.22,52.99,49.0
2025-09-12,41.2114,30060000.0,128525.5,49.27,1.94,3367.22,52.99,49.0
2025-09-15,41.209,20040000.0,151207.4,49.27,1.94,3367.22,52.99,49.0
2025-09-16,41.255,20040000.0,160880.81,49.27,1.94,3367.22,52.99,49.0
2025-09-17,41.2295,20040000.0,107.57,49.27,1.94,3367.22,52.99,49.0
2025-09-18,41.2161,20040000.0,-6559.3,49.27,1.94,3367.22,52.99,49.0
2025-09-19,41.241,20040000.0,-145100.4,48.61,1.98,3367.22,52.99,49.0
2025-09-22,41.2344,20040000.0,-122864.9,48.61,1.98,3367.22,52.99,49.0
2025-09-23,41.2983,20040000.0,-207794.7,48.61,1.98,3367.22,52.99,49.0
2025-09-24,41.3375,15030000.0,-160769.3,48.61,1.98,3367.22,52.99,49.0
2025-09-25,41.3726,15030000.0,-266685.3,48.61,1.98,3367.22,52.99,49.0
2025-09-26,41.395,15030000.0,-299791.46,49.05,1.84,3367.22,52.99,49.0
2025-09-29,41.4179,15030000.0,-275906.3,49.05,1.84,3367.22,52.99,49.0
2025-09-30,41.4984,15030000.0,-49111.1,49.05,1.84,3367.22,52.99,49.0
2025-10-01,41.5068,15030000.0,-348048.58,49.05,1.84,3453.09,54.39,49.0
2025-10-02,41.513,15030000.0,-313126.9,49.05,1.84,3453.09,54.39,49.0
2025-10-03,41.5283,15030000.0,-320505.3,48.64,1.86,3453.09,54.39,49.0
2025-10-06,41.5226,15030000.0,-331054.05,48.64,1.86,3453.09,54.39,49.0
2025-10-07,41.6225,15030000.0,-365995.1,48.64,1.86,3453.09,54.39,49.0
2025-10-08,41.6217,15030000.0,-246543.8,48.64,1.86,3453.09,54.39,49.0
2025-10-09,41.633,15030000.0,-397586.2,48.64,1.86,3453.09,54.39,49.0
2025-10-10,41.6421,15030000.0,-317673.35,48.24,1.79,3453.09,54.39,49.0
2025-10-13,41.6388,15030000.0,-605565.45,48.24,1.79,3453.09,54.39,49.0
2025-10-14,41.7196,15030000.0,-466049.3,48.24,1.79,3453.09,54.39,49.0
2025-10-15,41.7496,15030000.0,-402858.1,48.24,1.79,3453.09,54.39,49.0
2025-10-16,41.7611,15030000.0,-479436.1,48.24,1.79,3453.09,54.39,49.0
2025-10-17,41.7736,15030000.0,-588915.5,48.45,1.78,3453.09,54.39,49.0
2025-10-20,41.7855,15030000.0,-340922.8,48.45,1.78,3453.09,54.39,49.0
2025-10-21,41.8768,15030000.0,-339150.9,48.45,1.78,3453.09,54.39,49.0
2025-10-22,41.8872,15030000.0,-349276.0,48.45,1.78,3453.09,54.39,49.0
2025-10-23,41.8966,15030000.0,-476773.5,48.45,1.78,3453.09,54.39,49.0
2025-10-24,41.9042,15030000.0,-189397.7,48.07,1.66,3453.09,54.39,49.0
2025-10-27,41.8427,15030000.0,-329641.19,48.07,1.66,3453.09,54.39,49.0
2025-10-28,41.8699,15030000.0,-278782.55,48.07,1.66,3453.09,54.39,49.0
2025-10-30,41.8699,15030000.0,-293194.3,48.07,1.66,3453.09,54.39,49.0
2025-10-31,41.9,15030000.0,-292647.7,47.25,1.68,3453.09,54.39,49.0
2025-11-03,41.8922,15030000.0,-300767.5,47.25,1.68,3482.96,52.24,49.0
2025-11-04,41.9751,15030000.0,-233773.3,47.25,1.68,3482.96,52.24,49.0
2025-11-05,42.0042,15030000.0,-249859.1,47.25,1.68,3482.96,52.24,49.0
2025-11-06,42.0362,15030000.0,-360041.8,47.25,1.68,3482.96,52.24,49.0
2025-11-07,42.0426,15030000.0,-171732.51,47.01,1.6,3482.96,52.24,49.0
2025-11-10,42.049,15030000.0,-275741.6,47.01,1.6,3482.96,52.24,49.0
2025-11-11,42.1124,15030000.0,-265587.54,47.01,1.6,3482.96,52.24,49.0
2025-11-12,42.1526,15030000.0,-252601.3,47.01,1.6,3482.96,52.24,49.0
2025-11-13,42.1636,15030000.0,-429530.1,47.01,1.6,3482.96,52.24,49.0
2025-11-14,42.1724,15030000.0,-520053.0,46.69,1.65,3482.96,52.24,49.0
2025-11-17,42.1661,15030000.0,-494508.92,46.69,1.65,3482.96,52.24,49.0
2025-11-18,42.2525,15030000.0,-581192.57,46.69,1.65,3482.96,52.24,49.0
2025-11-19,42.2641,15030000.0,-593111.85,46.69,1.65,3482.96,52.24,49.0
2025-11-20,42.2756,15030000.0,-566276.2,46.69,1.65,3482.96,52.24,49.0
2025-11-21,42.2882,15030000.0,-402769.6,46.96,1.85,3482.96,52.24,49.0
2025-11-24,42.2819,15030000.0,-402771.3,46.96,1.85,3482.96,52.24,49.0
2025-11-25,42.3675,15030000.0,-423564.5,46.96,1.85,3482.96,52.24,49.0
2025-11-26,42.3668,15030000.0,-372696.2,46.96,1.85,3482.96,52.24,49.0
2025-11-27,42.3578,15030000.0,-367406.39,46.96,1.85,3482.96,52.24,49.0
2025-11-28,42.3624,15030000.0,-379288.6,46.92,2.01,3482.96,52.24,49.0
2025-12-01,42.3547,15030000.0,-435014.8,46.92,2.01,3513.87,50.9,49.0
2025-12-02,42.416,300600.0,-444643.2,46.92,2.01,3513.87,50.9,49.0
2025-12-03,42.3574,4008000.0,-419848.83,46.92,2.01,3513.87,50.9,49.0
2025-12-04,42.3702,4008000.0,-464351.65,46.92,2.01,3513.87,50.9,49.0
2025-12-05,42.3771,4008000.0,-331942.3,46.88,1.66,3513.87,50.9,49.0
2025-12-08,42.3606,4008000.0,-624455.32,46.88,1.66,3513.87,50.9,49.0
2025-12-09,42.4735,4008000.0,-617994.6,46.88,1.66,3513.87,50.9,49.0
2025-12-10,42.497,4008000.0,-592188.4,46.88,1.66,3513.87,50.9,49.0
2025-12-11,42.5179,4008000.0,-865276.8,46.88,1.66,3513.87,50.9,49.0
2025-12-12,42.5343,4008000.0,-300459.7,45.96,1.64,3513.87,50.9,49.0
2025-12-15,42.5344,4008000.0,-353099.64,45.96,1.64,3513.87,50.9,49.0
2025-12-16,42.6211,4008000.0,-583641.5,45.96,1.64,3513.87,50.9,49.0
2025-12-17,42.6317,4008000.0,-597470.3,45.96,1.64,3513.87,50.9,49.0
2025-12-18,42.6516,4008000.0,-693372.8,45.96,1.64,3513.87,50.9,49.0
2025-12-19,42.6585,4008000.0,-676399.67,45.46,1.76,3513.87,50.9,49.0
2025-12-22,42.6532,4008000.0,-733606.3,45.46,1.76,3513.87,50.9,49.0
2025-12-23,42.734,4008000.0,-763027.9,45.46,1.76,3513.87,50.9,49.0
2025-12-24,42.7474,4008000.0,-780470.6,45.46,1.76,3513.87,50.9,49.0
2025-12-25,42.7434,4008000.0,-932080.2,45.46,1.76,3513.87,50.9,49.0
2025-12-26,42.7641,53510.01,-738141.2,45.34,1.65,3513.87,50.9,49.0
2025-12-29,42.7656,53510.01,-801980.7,45.34,1.65,3513.87,50.9,49.0
2025-12-30,42.8542,53510.01,-661093.3,45.34,1.65,3513.87,50.9,49.0
2025-12-31,42.8623,53510.01,-461376.48,45.34,1.65,3513.87,50.9,49.0
2026-01-02,42.8457,53510.01,-465180.0,45.41,1.72,3513.87,52.08,49.0
2026-01-05,42.881,53510.01,-523816.9,45.41,1.72,3513.87,52.08,49.0
2026-01-06,42.9648,53510.01,-553951.6,45.41,1.72,3513.87,52.08,49.0
2026-01-07,42.9663,53510.01,-495904.04,45.41,1.72,3513.87,52.08,49.0
2026-01-08,42.9743,53510.01,-514619.3,45.41,1.72,3513.87,52.08,49.0
2026-01-09,42.9747,53510.01,-622835.75,44.98,1.65,3513.87,52.08,49.0
2026-01-12,42.9863,53510.01,-739897.6,44.98,1.65,3513.87,52.08,49.0
2026-01-13,43.0609,53510.01,-1054157.6,44.98,1.65,3513.87,52.08,49.0
2026-01-14,43.0765,53510.01,-1354003.6,44.98,1.65,3513.87,52.08,49.0
2026-01-15,43.0925,53510.01,-1475123.1,44.98,1.65,3513.87,52.08,49.0
2026-01-16,43.1147,53510.01,-1418362.42,45.01,1.69,3513.87,52.08,49.0
2026-01-19,43.0883,53510.01,-1607539.5,45.01,1.69,3513.87,52.08,49.0
2026-01-20,43.1943,53510.01,-1567123.25,45.01,1.69,3513.87,52.08,49.0
2026-01-21,43.2061,53510.01,-1577462.9,45.01,1.69,3513.87,52.08,49.0
2026-01-22,43.2165,53510.01,-1704699.2,45.01,1.69,3513.87,52.08,49.0
2026-01-23,43.2247,53510.01,-1248569.43,44.0,1.75,3513.87,52.08,49.0
2026-01-26,43.2036,53510.01,-1341867.85,44.0,1.75,3513.87,52.08,49.0
2026-01-27,43.2978,53510.01,-1432058.0,44.0,1.75,3513.87,52.08,49.0
2026-01-28,43.3158,53510.01,-1493941.1,44.0,1.75,3513.87,52.08,49.0
2026-01-29,43.3327,53510.01,-1156386.1,44.0,1.75,3513.87,52.08,49.0
2026-01-30,43.3443,53510.01,-840354.5,43.7,1.61,3513.87,52.08,49.0
2026-02-02,43.3414,53510.01,-837345.3,43.7,1.61,3513.87,52.08,49.0
2026-02-03,43.4168,53510.01,-775888.4,43.7,1.61,3513.87,52.08,49.0
2026-02-04,43.4142,53510.01,-734302.0,43.7,1.61,3513.87,52.08,49.0
2026-02-05,43.4245,53510.01,-740544.1,43.7,1.61,3513.87,52.08,49.0
2026-02-06,43.4555,53510.01,-783582.1,43.97,1.7,3513.87,52.08,49.0
2026-02-09,43.4542,53510.01,-768831.1,43.97,1.7,3513.87,52.08,49.0
2026-02-10,43.5182,53510.01,-838347.1,43.97,1.7,3513.87,52.08,49.0
2026-02-11,43.545,53510.01,-843347.49,43.97,1.7,3513.87,52.08,49.0
2026-02-12,43.5633,65485.51,-1009754.29,43.97,1.7,3513.87,52.08,49.0
2026-02-13,43.5702,65485.51,-1066290.0,43.77,1.68,3513.87,52.08,49.0
2026-02-16,43.5433,65485.51,-1151059.2,43.77,1.68,3513.87,52.08,49.0
2026-02-17,43.6375,65485.51,-1138102.2,43.77,1.68,3513.87,52.08,49.0
2026-02-18,43.6524,65485.51,-1204820.2,43.77,1.68,3513.87,52.08,49.0
2026-02-19,43.6747,65485.51,-1143106.68,43.77,1.68,3513.87,52.08,49.0
2026-02-20,43.6913,65485.51,-899295.0,43.77,1.68,3513.87,52.08,49.0
2026-02-23,43.6883,65485.51,-820973.8,43.77,1.68,3513.87,52.08,49.0
